{"Train loss": 1.8563507795333862, "Eval loss": 1.832734227180481, "Eval f1": 0.140625, "Eval acc": 0.140625, "_timestamp": 1676715323.9718635, "_runtime": 18.667211532592773, "_step": 24, "_wandb": {"runtime": 17}}