{"Train loss": 1.946732997894287, "Eval loss": 1.84194815158844, "Eval f1": 0.171875, "Eval acc": 0.171875, "_timestamp": 1676653294.2043295, "_runtime": 2.650989532470703, "_step": 0, "_wandb": {"runtime": 1}}