{"Train loss": 1.9105348587036133, "Eval loss": 1.8009140491485596, "Eval f1": 0.11, "Eval acc": 0.11, "_timestamp": 1676975657.3334851, "_runtime": 19.382036209106445, "_step": 27, "_wandb": {"runtime": 19}}