{"Train loss": 1.7405178546905518, "Eval loss": 1.7413206100463867, "Eval f1": 0.3203125, "Eval acc": 0.3203125, "_timestamp": 1676887881.4468834, "_runtime": 464.27619647979736, "_step": 560, "gradients/fc2.bias": {"_type": "histogram", "values": [1.0, 0.0, 0.0, 0.0, 1.0, 0.0, 0.0, 0.0, 0.0, 0.0, 0.0, 0.0, 0.0, 0.0, 0.0, 0.0, 0.0, 0.0, 0.0, 0.0, 0.0, 0.0, 0.0, 0.0, 0.0, 0.0, 0.0, 0.0, 0.0, 1.0, 0.0, 0.0, 0.0, 0.0, 0.0, 0.0, 0.0, 0.0, 0.0, 0.0, 0.0, 0.0, 0.0, 0.0, 0.0, 0.0, 0.0, 0.0, 0.0, 0.0, 0.0, 0.0, 0.0, 0.0, 0.0, 0.0, 0.0, 0.0, 1.0, 0.0, 1.0, 0.0, 0.0, 1.0], "bins": [-0.15827637910842896, -0.15389679372310638, -0.1495172083377838, -0.14513762295246124, -0.14075803756713867, -0.1363784372806549, -0.13199885189533234, -0.12761926651000977, -0.1232396811246872, -0.11886009573936462, -0.11448051035404205, -0.11010091751813889, -0.10572133213281631, -0.10134174674749374, -0.09696215391159058, -0.092582568526268, -0.08820298314094543, -0.08382339775562286, -0.07944381237030029, -0.07506421953439713, -0.07068463414907455, -0.06630504876375198, -0.061925459653139114, -0.057545870542526245, -0.053166285157203674, -0.048786699771881104, -0.044407110661268234, -0.040027521550655365, -0.035647936165332794, -0.03126835078001022, -0.026888761669397354, -0.022509174421429634, -0.018129602074623108, -0.013750014826655388, -0.009370427578687668, -0.004990840330719948, -0.0006112530827522278, 0.0037683341652154922, 0.008147921413183212, 0.012527508661150932, 0.016907095909118652, 0.021286683157086372, 0.025666270405054092, 0.030045857653021812, 0.03442544490098953, 0.0388050302863121, 0.04318461939692497, 0.04756420850753784, 0.05194379389286041, 0.05632337927818298, 0.06070296838879585, 0.06508255749940872, 0.06946214288473129, 0.07384172827005386, 0.07822132110595703, 0.0826009064912796, 0.08698049187660217, 0.09136007726192474, 0.09573966264724731, 0.10011925548315048, 0.10449884086847305, 0.10887842625379562, 0.11325801908969879, 0.11763760447502136, 0.12201718986034393]}, "gradients/fc2.weight": {"_type": "histogram", "values": [1.0, 0.0, 0.0, 0.0, 2.0, 0.0, 2.0, 0.0, 3.0, 4.0, 9.0, 3.0, 13.0, 11.0, 15.0, 16.0, 21.0, 23.0, 24.0, 25.0, 36.0, 39.0, 39.0, 54.0, 38.0, 45.0, 67.0, 78.0, 95.0, 86.0, 93.0, 111.0, 128.0, 162.0, 211.0, 175.0, 198.0, 213.0, 205.0, 170.0, 146.0, 88.0, 69.0, 58.0, 52.0, 45.0, 36.0, 27.0, 23.0, 20.0, 22.0, 17.0, 10.0, 9.0, 7.0, 8.0, 5.0, 4.0, 3.0, 2.0, 1.0, 1.0, 1.0, 3.0], "bins": [-0.12635885179042816, -0.12270703911781311, -0.11905522644519806, -0.11540341377258301, -0.11175159364938736, -0.10809978097677231, -0.10444796830415726, -0.1007961556315422, -0.09714433550834656, -0.0934925228357315, -0.08984071016311646, -0.0861888974905014, -0.08253707736730576, -0.0788852646946907, -0.07523345202207565, -0.0715816393494606, -0.06792982667684555, -0.0642780140042305, -0.06062619760632515, -0.0569743849337101, -0.05332256853580475, -0.0496707558631897, -0.046018943190574646, -0.042367130517959595, -0.038715314120054245, -0.035063501447439194, -0.031411685049533844, -0.027759872376918793, -0.024108057841658592, -0.02045624330639839, -0.01680443063378334, -0.01315261609852314, -0.009500809013843536, -0.005848994944244623, -0.00219718087464571, 0.001454632729291916, 0.005106447264552116, 0.008758261799812317, 0.012410074472427368, 0.01606188900768757, 0.01971370354294777, 0.02336551807820797, 0.02701733261346817, 0.03066914528608322, 0.03432095795869827, 0.03797277435660362, 0.041624587029218674, 0.04527640342712402, 0.048928216099739075, 0.052580028772354126, 0.056231845170259476, 0.05988365784287453, 0.06353547424077988, 0.06718728691339493, 0.07083909958600998, 0.07449091225862503, 0.07814273238182068, 0.08179454505443573, 0.08544635772705078, 0.08909817039966583, 0.09274999052286148, 0.09640180319547653, 0.10005361586809158, 0.10370542854070663, 0.10735724121332169]}, "gradients/bn2.weight": {"_type": "histogram", "values": [2.0, 0.0, 2.0, 1.0, 3.0, 3.0, 2.0, 3.0, 1.0, 5.0, 8.0, 3.0, 4.0, 8.0, 6.0, 7.0, 9.0, 8.0, 10.0, 16.0, 17.0, 10.0, 18.0, 20.0, 28.0, 25.0, 23.0, 28.0, 17.0, 23.0, 23.0, 22.0, 18.0, 13.0, 17.0, 16.0, 8.0, 8.0, 8.0, 7.0, 9.0, 9.0, 6.0, 7.0, 7.0, 8.0, 4.0, 0.0, 4.0, 3.0, 2.0, 0.0, 1.0, 0.0, 0.0, 0.0, 0.0, 0.0, 1.0, 0.0, 0.0, 0.0, 0.0, 1.0], "bins": [-0.004810840357095003, -0.004628863651305437, -0.004446887411177158, -0.004264910705387592, -0.004082933999598026, -0.0039009577594697475, -0.0037189810536801815, -0.003537004580721259, -0.0033550281077623367, -0.0031730516348034143, -0.002991075161844492, -0.002809098456054926, -0.0026271219830960035, -0.002445145510137081, -0.002263168804347515, -0.0020811923313885927, -0.0018992158584296703, -0.001717239385470748, -0.0015352627960965037, -0.0013532862067222595, -0.0011713097337633371, -0.0009893332608044147, -0.0008073566714301705, -0.0006253800820559263, -0.00044340360909700394, -0.00026142707793042064, -7.945054676383734e-05, 0.00010252598440274596, 0.00028450251556932926, 0.00046647904673591256, 0.0006484555779024959, 0.0008304321672767401, 0.0010124086402356625, 0.0011943851131945848, 0.001376361702568829, 0.0015583382919430733, 0.0017403147649019957, 0.001922291237860918, 0.002104267943650484, 0.0022862444166094065, 0.002468220889568329, 0.0026501973625272512, 0.0028321738354861736, 0.0030141505412757397, 0.003196127014234662, 0.0033781034871935844, 0.0035600801929831505, 0.003742056665942073, 0.003924033138900995, 0.004106009844690561, 0.00428798608481884, 0.004469962790608406, 0.004651939496397972, 0.004833915736526251, 0.005015892442315817, 0.005197868682444096, 0.005379845388233662, 0.005561822094023228, 0.005743798334151506, 0.0059257750399410725, 0.006107751280069351, 0.006289727985858917, 0.006471704691648483, 0.006653681397438049, 0.006835657637566328]}, "gradients/bn2.bias": {"_type": "histogram", "values": [2.0, 1.0, 1.0, 0.0, 3.0, 2.0, 1.0, 3.0, 4.0, 3.0, 4.0, 3.0, 9.0, 8.0, 5.0, 8.0, 11.0, 10.0, 13.0, 20.0, 16.0, 14.0, 11.0, 12.0, 15.0, 23.0, 15.0, 16.0, 21.0, 23.0, 19.0, 27.0, 17.0, 17.0, 15.0, 11.0, 11.0, 15.0, 14.0, 11.0, 21.0, 5.0, 10.0, 6.0, 5.0, 9.0, 5.0, 4.0, 1.0, 1.0, 1.0, 2.0, 3.0, 1.0, 2.0, 0.0, 0.0, 0.0, 0.0, 1.0, 0.0, 0.0, 0.0, 1.0], "bins": [-0.019781049340963364, -0.01910797320306301, -0.01843489520251751, -0.017761819064617157, -0.017088742926716805, -0.016415666788816452, -0.01574258878827095, -0.015069512650370598, -0.014396436512470245, -0.013723359443247318, -0.013050283305346966, -0.012377206236124039, -0.011704130098223686, -0.011031053029000759, -0.010357975959777832, -0.00968489982187748, -0.009011822752654552, -0.008338745683431625, -0.007665669545531273, -0.006992592476308346, -0.006319516338407993, -0.005646439269185066, -0.0049733626656234264, -0.004300286062061787, -0.003627209458500147, -0.002954132854938507, -0.0022810562513768673, -0.0016079794149845839, -0.0009349028114229441, -0.0002618262078613043, 0.00041125062853097916, 0.001084327232092619, 0.0017574038356542587, 0.0024304804392158985, 0.0031035570427775383, 0.0037766338791698217, 0.004449710249900818, 0.005122787319123745, 0.005795863922685385, 0.0064689405262470245, 0.007142017129808664, 0.007815093733370304, 0.008488170802593231, 0.009161246940493584, 0.00983432400971651, 0.010507400147616863, 0.01118047721683979, 0.011853553354740143, 0.01252663042396307, 0.013199707493185997, 0.01387278363108635, 0.014545860700309277, 0.015218936838209629, 0.015892013907432556, 0.01656509004533291, 0.01723816618323326, 0.017911244183778763, 0.018584320321679115, 0.019257398322224617, 0.01993047446012497, 0.020603550598025322, 0.021276626735925674, 0.021949704736471176, 0.02262278087437153, 0.02329585701227188]}, "gradients/fc1.bias": {"_type": "histogram",