{"Train loss": 1.8400557041168213, "Eval loss": 1.9334135055541992, "Eval f1": 0.15, "Eval acc": 0.15, "_timestamp": 1676888014.21745, "_runtime": 10.458257913589478, "_step": 13, "_wandb": {"runtime": 10}}