{"Train loss": 1.9337503910064697, "Eval loss": 1.849372386932373, "Eval f1": 0.15625, "Eval acc": 0.15625, "_timestamp": 1676738121.023296, "_runtime": 4.181378126144409, "_step": 4, "_wandb": {"runtime": 3}}