{"Train loss": 1.9815634489059448, "Eval loss": 1.9246633052825928, "Eval f1": 0.125, "Eval acc": 0.125, "_timestamp": 1676715403.8224273, "_runtime": 14.352157354354858, "_step": 18, "_wandb": {"runtime": 13}}