{"Train loss": 1.9132105112075806, "Eval loss": 2.011056423187256, "Eval f1": 0.1484375, "Eval acc": 0.1484375, "_timestamp": 1676655133.6298375, "_runtime": 2.7236053943634033, "_step": 0, "_wandb": {"runtime": 1}}