{"Train loss": 1.7422921657562256, "Eval loss": 1.9606387615203857, "Eval f1": 0.140625, "Eval acc": 0.140625, "_timestamp": 1676715370.3513043, "_runtime": 18.735393285751343, "_step": 25, "_wandb": {"runtime": 18}}