{"Train loss": 1.9487360715866089, "Eval loss": 1.7781087160110474, "Eval f1": 0.22, "Eval acc": 0.22, "_timestamp": 1676975584.2487726, "_runtime": 10.791382551193237, "_step": 13, "_wandb": {"runtime": 9}}