{"Train loss": 1.9050931930541992, "Eval loss": 1.8924728631973267, "Eval f1": 0.1796875, "Eval acc": 0.1796875, "_timestamp": 1676653379.8741045, "_runtime": 2.499640464782715, "_step": 0, "_wandb": {"runtime": 1}}