{"Train loss": 1.9219857454299927, "Eval loss": 1.8629907369613647, "Eval f1": 0.21875, "Eval acc": 0.21875, "_timestamp": 1676737369.3089275, "_runtime": 9.31582760810852, "_step": 13, "_wandb": {"runtime": 8}}